<?xml version='1.0' encoding='utf-8'?>
<!DOCTYPE hibernate-mapping PUBLIC
    "-//Hibernate/Hibernate Mapping DTD 3.0//EN"
    "http://www.hibernate.org/dtd/hibernate-mapping-3.0.dtd">
<hibernate-mapping>

    <class name="entity.CategoriaDTO" table="categoria" schema="BIBLIOTECA">
        <id name="id">
            <column name="id" sql-type="int"/>
        </id>
        <property name="categoria">
            <column name="categoria" sql-type="text" not-null="true"/>
        </property>
        <set name="librosById" inverse="true">
            <key>
                <column name="categoria" not-null="true"/>
            </key>
            <one-to-many not-found="ignore" class="entity.LibroDTO"/>
        </set>
    </class>
</hibernate-mapping>