<?xml version='1.0' encoding='utf-8'?>
<!DOCTYPE hibernate-configuration PUBLIC
    "-//Hibernate/Hibernate Configuration DTD//EN"
    "http://www.hibernate.org/dtd/hibernate-configuration-3.0.dtd">
<hibernate-configuration>
  <session-factory>
    <property name="connection.url">jdbc:mysql://192.168.56.101/BIBLIOTECA</property>
    <property name="connection.driver_class">com.mysql.cj.jdbc.Driver</property>
    <property name="connection.username">admin</property>
    <property name="connection.password">pwd13</property>
    <property name="hibernate.current_session_context_class">thread</property>
    <mapping class="entity.CategoriaDTO"/>
      <mapping resource="CategoriaDTO.hbm.xml"/>
      <mapping resource="HistoricoDTO.hbm.xml"/>
      <mapping class="entity.HistoricoDTO"/>
      <mapping resource="LibroDTO.hbm.xml"/>
      <mapping class="entity.LibroDTO"/>
      <mapping resource="PrestamosDTO.hbm.xml"/>
      <mapping class="entity.PrestamosDTO"/>
    <mapping class="entity.UsuarioDTO"/>
    <mapping resource="UsuarioDTO.hbm.xml"/>
    <!-- <property name="connection.username"/> -->
    <!-- <property name="connection.password"/> -->

    <!-- DB schema will be updated if needed -->
    <!-- <property name="hibernate.hbm2ddl.auto">update</property> -->
  </session-factory>
</hibernate-configuration>