<?xml version='1.0' encoding='utf-8'?>
<!DOCTYPE hibernate-mapping PUBLIC
    "-//Hibernate/Hibernate Mapping DTD 3.0//EN"
    "http://www.hibernate.org/dtd/hibernate-mapping-3.0.dtd">
<hibernate-mapping>

    <class name="entity.LibroDTO" table="libro" schema="BIBLIOTECA">
        <id name="id">
            <column name="id" sql-type="int"/>
        </id>
        <property name="nombre">
            <column name="nombre" sql-type="text" not-null="true"/>
        </property>
        <property name="autor">
            <column name="autor" sql-type="text" not-null="true"/>
        </property>
        <property name="editorial">
            <column name="editorial" sql-type="text" not-null="true"/>
        </property>
        <property name="categoria" insert="false" update="false">
            <column name="categoria" sql-type="int" not-null="true"/>
        </property>
        <many-to-one name="categoriaByCategoria" class="entity.CategoriaDTO">
            <column name="categoria" not-null="true"/>
        </many-to-one>
        <set name="prestamosById" inverse="true">
            <key>
                <column name="idLibro" not-null="true"/>
            </key>
            <one-to-many not-found="ignore" class="entity.PrestamosDTO"/>
        </set>
    </class>
</hibernate-mapping>