<?xml version='1.0' encoding='utf-8'?>
<!DOCTYPE hibernate-mapping PUBLIC
    "-//Hibernate/Hibernate Mapping DTD 3.0//EN"
    "http://www.hibernate.org/dtd/hibernate-mapping-3.0.dtd">
<hibernate-mapping>

    <class name="entity.PrestamosDTO" table="prestamos" schema="BIBLIOTECA">
        <id name="idPrestamo">
            <column name="idPrestamo" sql-type="int"/>
        </id>
        <property name="idLibro">
            <column name="idLibro" sql-type="int" not-null="true"/>
        </property>
        <property name="idUsuario" insert="false" update="false"> 
            <column name="idUsuario" sql-type="int" not-null="true"/>
        </property>
        <property name="fechaPrestamo">
            <column name="fechaPrestamo" sql-type="datetime" not-null="true"/>
        </property>
        <many-to-one name="libroByIdLibro" class="entity.LibroDTO" insert="false" update="false">
            <column name="idLibro" not-null="true"/>
        </many-to-one>
        <many-to-one name="usuarioByIdUsuario" class="entity.UsuarioDTO">
            <column name="idUsuario" not-null="true"/>
        </many-to-one>
    </class>
</hibernate-mapping>